date,sector,sales_millions_cad,year,month
2015-01-01,Motor Vehicle & Parts Dealers,9150.19,2015,1
2015-02-01,Motor Vehicle & Parts Dealers,9112.02,2015,2
2015-03-01,Motor Vehicle & Parts Dealers,10348.62,2015,3
2015-04-01,Motor Vehicle & Parts Dealers,11655.31,2015,4
2015-05-01,Motor Vehicle & Parts Dealers,10737.32,2015,5
2015-06-01,Motor Vehicle & Parts Dealers,10918.52,2015,6
2015-07-01,Motor Vehicle & Parts Dealers,12199.83,2015,7
2015-08-01,Motor Vehicle & Parts Dealers,11144.59,2015,8
2015-09-01,Motor Vehicle & Parts Dealers,9595.27,2015,9
2015-10-01,Motor Vehicle & Parts Dealers,9809.12,2015,10
2015-11-01,Motor Vehicle & Parts Dealers,8601.62,2015,11
2015-12-01,Motor Vehicle & Parts Dealers,8459.45,2015,12
2016-01-01,Motor Vehicle & Parts Dealers,9195.47,2016,1
2016-02-01,Motor Vehicle & Parts Dealers,7965.4,2016,2
2016-03-01,Motor Vehicle & Parts Dealers,8733.5,2016,3
2016-04-01,Motor Vehicle & Parts Dealers,10265.42,2016,4
2016-05-01,Motor Vehicle & Parts Dealers,10371.84,2016,5
2016-06-01,Motor Vehicle & Parts Dealers,11593.45,2016,6
2016-07-01,Motor Vehicle & Parts Dealers,10494.84,2016,7
2016-08-01,Motor Vehicle & Parts Dealers,9680.67,2016,8
2016-09-01,Motor Vehicle & Parts Dealers,11357.4,2016,9
2016-10-01,Motor Vehicle & Parts Dealers,9451.74,2016,10
2016-11-01,Motor Vehicle & Parts Dealers,9262.88,2016,11
2016-12-01,Motor Vehicle & Parts Dealers,7952.58,2016,12
2017-01-01,Motor Vehicle & Parts Dealers,8823.97,2017,1
2017-02-01,Motor Vehicle & Parts Dealers,9797.38,2017,2
2017-03-01,Motor Vehicle & Parts Dealers,9428.45,2017,3
2017-04-01,Motor Vehicle & Parts Dealers,11245.8,2017,4
2017-05-01,Motor Vehicle & Parts Dealers,10940.0,2017,5
2017-06-01,Motor Vehicle & Parts Dealers,11363.4,2017,6
2017-07-01,Motor Vehicle & Parts Dealers,10979.99,2017,7
2017-08-01,Motor Vehicle & Parts Dealers,12485.1,2017,8
2017-09-01,Motor Vehicle & Parts Dealers,10442.75,2017,9
2017-10-01,Motor Vehicle & Parts Dealers,9044.5,2017,10
2017-11-01,Motor Vehicle & Parts Dealers,10099.81,2017,11
2017-12-01,Motor Vehicle & Parts Dealers,8357.44,2017,12
2018-01-01,Motor Vehicle & Parts Dealers,9659.52,2018,1
2018-02-01,Motor Vehicle & Parts Dealers,8419.04,2018,2
2018-03-01,Motor Vehicle & Parts Dealers,9534.54,2018,3
2018-04-01,Motor Vehicle & Parts Dealers,11350.59,2018,4
2018-05-01,Motor Vehicle & Parts Dealers,12234.85,2018,5
2018-06-01,Motor Vehicle & Parts Dealers,11971.44,2018,6
2018-07-01,Motor Vehicle & Parts Dealers,11606.06,2018,7
2018-08-01,Motor Vehicle & Parts Dealers,11041.85,2018,8
2018-09-01,Motor Vehicle & Parts Dealers,9539.17,2018,9
2018-10-01,Motor Vehicle & Parts Dealers,9554.39,2018,10
2018-11-01,Motor Vehicle & Parts Dealers,9338.8,2018,11
2018-12-01,Motor Vehicle & Parts Dealers,10388.37,2018,12
2019-01-01,Motor Vehicle & Parts Dealers,10010.17,2019,1
2019-02-01,Motor Vehicle & Parts Dealers,8818.19,2019,2
2019-03-01,Motor Vehicle & Parts Dealers,11074.92,2019,3
2019-04-01,Motor Vehicle & Parts Dealers,11139.35,2019,4
2019-05-01,Motor Vehicle & Parts Dealers,11370.19,2019,5
2019-06-01,Motor Vehicle & Parts Dealers,12561.64,2019,6
2019-07-01,Motor Vehicle & Parts Dealers,12750.03,2019,7
2019-08-01,Motor Vehicle & Parts Dealers,12253.04,2019,8
2019-09-01,Motor Vehicle & Parts Dealers,10285.39,2019,9
2019-10-01,Motor Vehicle & Parts Dealers,10121.33,2019,10
2019-11-01,Motor Vehicle & Parts Dealers,10204.65,2019,11
2019-12-01,Motor Vehicle & Parts Dealers,10569.41,2019,12
2020-01-01,Motor Vehicle & Parts Dealers,9610.1,2020,1
2020-02-01,Motor Vehicle & Parts Dealers,10299.86,2020,2
2020-03-01,Motor Vehicle & Parts Dealers,6278.47,2020,3
2020-04-01,Motor Vehicle & Parts Dealers,6828.42,2020,4
2020-05-01,Motor Vehicle & Parts Dealers,8862.92,2020,5
2020-06-01,Motor Vehicle & Parts Dealers,13390.38,2020,6
2020-07-01,Motor Vehicle & Parts Dealers,12130.27,2020,7
2020-08-01,Motor Vehicle & Parts Dealers,12554.69,2020,8
2020-09-01,Motor Vehicle & Parts Dealers,11471.86,2020,9
2020-10-01,Motor Vehicle & Parts Dealers,10102.98,2020,10
2020-11-01,Motor Vehicle & Parts Dealers,10473.27,2020,11
2020-12-01,Motor Vehicle & Parts Dealers,11255.4,2020,12
2021-01-01,Motor Vehicle & Parts Dealers,10202.68,2021,1
2021-02-01,Motor Vehicle & Parts Dealers,11917.1,2021,2
2021-03-01,Motor Vehicle & Parts Dealers,9256.95,2021,3
2021-04-01,Motor Vehicle & Parts Dealers,12575.62,2021,4
2021-05-01,Motor Vehicle & Parts Dealers,12459.14,2021,5
2021-06-01,Motor Vehicle & Parts Dealers,12337.66,2021,6
2021-07-01,Motor Vehicle & Parts Dealers,12536.34,2021,7
2021-08-01,Motor Vehicle & Parts Dealers,10520.0,2021,8
2021-09-01,Motor Vehicle & Parts Dealers,11359.11,2021,9
2021-10-01,Motor Vehicle & Parts Dealers,11264.39,2021,10
2021-11-01,Motor Vehicle & Parts Dealers,11756.94,2021,11
2021-12-01,Motor Vehicle & Parts Dealers,10084.26,2021,12
2022-01-01,Motor Vehicle & Parts Dealers,10070.58,2022,1
2022-02-01,Motor Vehicle & Parts Dealers,10803.37,2022,2
2022-03-01,Motor Vehicle & Parts Dealers,12567.51,2022,3
2022-04-01,Motor Vehicle & Parts Dealers,12760.66,2022,4
2022-05-01,Motor Vehicle & Parts Dealers,12579.9,2022,5
2022-06-01,Motor Vehicle & Parts Dealers,13611.49,2022,6
2022-07-01,Motor Vehicle & Parts Dealers,13177.51,2022,7
2022-08-01,Motor Vehicle & Parts Dealers,13474.67,2022,8
2022-09-01,Motor Vehicle & Parts Dealers,11617.92,2022,9
2022-10-01,Motor Vehicle & Parts Dealers,11364.53,2022,10
2022-11-01,Motor Vehicle & Parts Dealers,10927.86,2022,11
2022-12-01,Motor Vehicle & Parts Dealers,9980.19,2022,12
2023-01-01,Motor Vehicle & Parts Dealers,11573.59,2023,1
2023-02-01,Motor Vehicle & Parts Dealers,12038.42,2023,2
2023-03-01,Motor Vehicle & Parts Dealers,12490.84,2023,3
2023-04-01,Motor Vehicle & Parts Dealers,12956.0,2023,4
2023-05-01,Motor Vehicle & Parts Dealers,12522.58,2023,5
2023-06-01,Motor Vehicle & Parts Dealers,13516.3,2023,6
2023-07-01,Motor Vehicle & Parts Dealers,12653.04,2023,7
2023-08-01,Motor Vehicle & Parts Dealers,11873.93,2023,8
2023-09-01,Motor Vehicle & Parts Dealers,11796.89,2023,9
2023-10-01,Motor Vehicle & Parts Dealers,11660.53,2023,10
2023-11-01,Motor Vehicle & Parts Dealers,12403.71,2023,11
2023-12-01,Motor Vehicle & Parts Dealers,10921.45,2023,12
2024-01-01,Motor Vehicle & Parts Dealers,11167.69,2024,1
2024-02-01,Motor Vehicle & Parts Dealers,11367.05,2024,2
2024-03-01,Motor Vehicle & Parts Dealers,10541.52,2024,3
2024-04-01,Motor Vehicle & Parts Dealers,12645.46,2024,4
2024-05-01,Motor Vehicle & Parts Dealers,13173.12,2024,5
2024-06-01,Motor Vehicle & Parts Dealers,15238.27,2024,6
2024-07-01,Motor Vehicle & Parts Dealers,13015.92,2024,7
2024-08-01,Motor Vehicle & Parts Dealers,12984.33,2024,8
2024-09-01,Motor Vehicle & Parts Dealers,12141.12,2024,9
2024-10-01,Motor Vehicle & Parts Dealers,10672.51,2024,10
2024-11-01,Motor Vehicle & Parts Dealers,12065.91,2024,11
2024-12-01,Motor Vehicle & Parts Dealers,11619.1,2024,12
2015-01-01,Food & Beverage Stores,10946.17,2015,1
2015-02-01,Food & Beverage Stores,10617.78,2015,2
2015-03-01,Food & Beverage Stores,11718.01,2015,3
2015-04-01,Food & Beverage Stores,11098.98,2015,4
2015-05-01,Food & Beverage Stores,12010.13,2015,5
2015-06-01,Food & Beverage Stores,12652.66,2015,6
2015-07-01,Food & Beverage Stores,11526.8,2015,7
2015-08-01,Food & Beverage Stores,11473.06,2015,8
2015-09-01,Food & Beverage Stores,11420.15,2015,9
2015-10-01,Food & Beverage Stores,10940.83,2015,10
2015-11-01,Food & Beverage Stores,10392.7,2015,11
2015-12-01,Food & Beverage Stores,10879.7,2015,12
2016-01-01,Food & Beverage Stores,10603.45,2016,1
2016-02-01,Food & Beverage Stores,11362.46,2016,2
2016-03-01,Food & Beverage Stores,11217.74,2016,3
2016-04-01,Food & Beverage Stores,12370.78,2016,4
2016-05-01,Food & Beverage Stores,11829.78,2016,5
2016-06-01,Food & Beverage Stores,12088.45,2016,6
2016-07-01,Food & Beverage Stores,12412.96,2016,7
2016-08-01,Food & Beverage Stores,11529.76,2016,8
2016-09-01,Food & Beverage Stores,11743.09,2016,9
2016-10-01,Food & Beverage Stores,11829.2,2016,10
2016-11-01,Food & Beverage Stores,10653.6,2016,11
2016-12-01,Food & Beverage Stores,11198.7,2016,12
2017-01-01,Food & Beverage Stores,11327.71,2017,1
2017-02-01,Food & Beverage Stores,11746.03,2017,2
2017-03-01,Food & Beverage Stores,11391.05,2017,3
2017-04-01,Food & Beverage Stores,11686.33,2017,4
2017-05-01,Food & Beverage Stores,12548.32,2017,5
2017-06-01,Food & Beverage Stores,12576.45,2017,6
2017-07-01,Food & Beverage Stores,12503.78,2017,7
2017-08-01,Food & Beverage Stores,12339.74,2017,8
2017-09-01,Food & Beverage Stores,11718.18,2017,9
2017-10-01,Food & Beverage Stores,11748.04,2017,10
2017-11-01,Food & Beverage Stores,11572.19,2017,11
2017-12-01,Food & Beverage Stores,11176.64,2017,12
2018-01-01,Food & Beverage Stores,12147.28,2018,1
2018-02-01,Food & Beverage Stores,11922.54,2018,2
2018-03-01,Food & Beverage Stores,11686.39,2018,3
2018-04-01,Food & Beverage Stores,12630.6,2018,4
2018-05-01,Food & Beverage Stores,12325.46,2018,5
2018-06-01,Food & Beverage Stores,13021.13,2018,6
2018-07-01,Food & Beverage Stores,13088.9,2018,7
2018-08-01,Food & Beverage Stores,12227.58,2018,8
2018-09-01,Food & Beverage Stores,12550.36,2018,9
2018-10-01,Food & Beverage Stores,12088.69,2018,10
2018-11-01,Food & Beverage Stores,12029.93,2018,11
2018-12-01,Food & Beverage Stores,12333.99,2018,12
2019-01-01,Food & Beverage Stores,11717.93,2019,1
2019-02-01,Food & Beverage Stores,11790.08,2019,2
2019-03-01,Food & Beverage Stores,12067.79,2019,3
2019-04-01,Food & Beverage Stores,12415.89,2019,4
2019-05-01,Food & Beverage Stores,12907.04,2019,5
2019-06-01,Food & Beverage Stores,13151.29,2019,6
2019-07-01,Food & Beverage Stores,13072.58,2019,7
2019-08-01,Food & Beverage Stores,13061.27,2019,8
2019-09-01,Food & Beverage Stores,12511.04,2019,9
2019-10-01,Food & Beverage Stores,12718.39,2019,10
2019-11-01,Food & Beverage Stores,11944.79,2019,11
2019-12-01,Food & Beverage Stores,12890.64,2019,12
2020-01-01,Food & Beverage Stores,12290.61,2020,1
2020-02-01,Food & Beverage Stores,12035.33,2020,2
2020-03-01,Food & Beverage Stores,13966.85,2020,3
2020-04-01,Food & Beverage Stores,14812.11,2020,4
2020-05-01,Food & Beverage Stores,14817.87,2020,5
2020-06-01,Food & Beverage Stores,13556.57,2020,6
2020-07-01,Food & Beverage Stores,13418.62,2020,7
2020-08-01,Food & Beverage Stores,13038.86,2020,8
2020-09-01,Food & Beverage Stores,12502.14,2020,9
2020-10-01,Food & Beverage Stores,12001.01,2020,10
2020-11-01,Food & Beverage Stores,12163.69,2020,11
2020-12-01,Food & Beverage Stores,12544.42,2020,12
2021-01-01,Food & Beverage Stores,12432.32,2021,1
2021-02-01,Food & Beverage Stores,12184.77,2021,2
2021-03-01,Food & Beverage Stores,12984.86,2021,3
2021-04-01,Food & Beverage Stores,13379.47,2021,4
2021-05-01,Food & Beverage Stores,13195.97,2021,5
2021-06-01,Food & Beverage Stores,13648.32,2021,6
2021-07-01,Food & Beverage Stores,13596.51,2021,7
2021-08-01,Food & Beverage Stores,13033.96,2021,8
2021-09-01,Food & Beverage Stores,13298.88,2021,9
2021-10-01,Food & Beverage Stores,13127.76,2021,10
2021-11-01,Food & Beverage Stores,13144.29,2021,11
2021-12-01,Food & Beverage Stores,13114.74,2021,12
2022-01-01,Food & Beverage Stores,12438.82,2022,1
2022-02-01,Food & Beverage Stores,12866.89,2022,2
2022-03-01,Food & Beverage Stores,13715.72,2022,3
2022-04-01,Food & Beverage Stores,14075.97,2022,4
2022-05-01,Food & Beverage Stores,14356.67,2022,5
2022-06-01,Food & Beverage Stores,15619.18,2022,6
2022-07-01,Food & Beverage Stores,14496.77,2022,7
2022-08-01,Food & Beverage Stores,14527.55,2022,8
2022-09-01,Food & Beverage Stores,14227.21,2022,9
2022-10-01,Food & Beverage Stores,13886.2,2022,10
2022-11-01,Food & Beverage Stores,13402.45,2022,11
2022-12-01,Food & Beverage Stores,13743.68,2022,12
2023-01-01,Food & Beverage Stores,13370.05,2023,1
2023-02-01,Food & Beverage Stores,13830.43,2023,2
2023-03-01,Food & Beverage Stores,14107.58,2023,3
2023-04-01,Food & Beverage Stores,14658.84,2023,4
2023-05-01,Food & Beverage Stores,15689.34,2023,5
2023-06-01,Food & Beverage Stores,14425.27,2023,6
2023-07-01,Food & Beverage Stores,14330.2,2023,7
2023-08-01,Food & Beverage Stores,13361.46,2023,8
2023-09-01,Food & Beverage Stores,13468.1,2023,9
2023-10-01,Food & Beverage Stores,13715.89,2023,10
2023-11-01,Food & Beverage Stores,13175.32,2023,11
2023-12-01,Food & Beverage Stores,12734.54,2023,12
2024-01-01,Food & Beverage Stores,12960.04,2024,1
2024-02-01,Food & Beverage Stores,13671.68,2024,2
2024-03-01,Food & Beverage Stores,13521.26,2024,3
2024-04-01,Food & Beverage Stores,14162.73,2024,4
2024-05-01,Food & Beverage Stores,14348.26,2024,5
2024-06-01,Food & Beverage Stores,14217.73,2024,6
2024-07-01,Food & Beverage Stores,15099.98,2024,7
2024-08-01,Food & Beverage Stores,14396.33,2024,8
2024-09-01,Food & Beverage Stores,13226.22,2024,9
2024-10-01,Food & Beverage Stores,13692.65,2024,10
2024-11-01,Food & Beverage Stores,13211.36,2024,11
2024-12-01,Food & Beverage Stores,13663.08,2024,12
2015-01-01,General Merchandise Stores,3307.46,2015,1
2015-02-01,General Merchandise Stores,3779.84,2015,2
2015-03-01,General Merchandise Stores,4344.76,2015,3
2015-04-01,General Merchandise Stores,4844.42,2015,4
2015-05-01,General Merchandise Stores,4625.35,2015,5
2015-06-01,General Merchandise Stores,4959.46,2015,6
2015-07-01,General Merchandise Stores,4825.63,2015,7
2015-08-01,General Merchandise Stores,4496.61,2015,8
2015-09-01,General Merchandise Stores,4714.89,2015,9
2015-10-01,General Merchandise Stores,3980.81,2015,10
2015-11-01,General Merchandise Stores,3276.94,2015,11
2015-12-01,General Merchandise Stores,3727.55,2015,12
2016-01-01,General Merchandise Stores,4146.96,2016,1
2016-02-01,General Merchandise Stores,4173.93,2016,2
2016-03-01,General Merchandise Stores,3939.62,2016,3
2016-04-01,General Merchandise Stores,4609.22,2016,4
2016-05-01,General Merchandise Stores,5352.08,2016,5
2016-06-01,General Merchandise Stores,4970.42,2016,6
2016-07-01,General Merchandise Stores,5162.16,2016,7
2016-08-01,General Merchandise Stores,4961.46,2016,8
2016-09-01,General Merchandise Stores,4141.41,2016,9
2016-10-01,General Merchandise Stores,3968.75,2016,10
2016-11-01,General Merchandise Stores,2882.88,2016,11
2016-12-01,General Merchandise Stores,3343.1,2016,12
2017-01-01,General Merchandise Stores,3653.53,2017,1
2017-02-01,General Merchandise Stores,3704.31,2017,2
2017-03-01,General Merchandise Stores,4838.87,2017,3
2017-04-01,General Merchandise Stores,4475.85,2017,4
2017-05-01,General Merchandise Stores,5026.93,2017,5
2017-06-01,General Merchandise Stores,5286.7,2017,6
2017-07-01,General Merchandise Stores,5518.52,2017,7
2017-08-01,General Merchandise Stores,4509.41,2017,8
2017-09-01,General Merchandise Stores,4773.12,2017,9
2017-10-01,General Merchandise Stores,4091.33,2017,10
2017-11-01,General Merchandise Stores,3557.34,2017,11
2017-12-01,General Merchandise Stores,3822.7,2017,12
2018-01-01,General Merchandise Stores,3872.34,2018,1
2018-02-01,General Merchandise Stores,3972.5,2018,2
2018-03-01,General Merchandise Stores,4550.09,2018,3
2018-04-01,General Merchandise Stores,4844.15,2018,4
2018-05-01,General Merchandise Stores,5271.43,2018,5
2018-06-01,General Merchandise Stores,5525.61,2018,6
2018-07-01,General Merchandise Stores,5660.0,2018,7
2018-08-01,General Merchandise Stores,4664.32,2018,8
2018-09-01,General Merchandise Stores,5122.52,2018,9
2018-10-01,General Merchandise Stores,3701.82,2018,10
2018-11-01,General Merchandise Stores,3871.43,2018,11
2018-12-01,General Merchandise Stores,3959.51,2018,12
2019-01-01,General Merchandise Stores,3997.99,2019,1
2019-02-01,General Merchandise Stores,4071.83,2019,2
2019-03-01,General Merchandise Stores,4585.05,2019,3
2019-04-01,General Merchandise Stores,4922.01,2019,4
2019-05-01,General Merchandise Stores,5199.3,2019,5
2019-06-01,General Merchandise Stores,5677.85,2019,6
2019-07-01,General Merchandise Stores,5455.29,2019,7
2019-08-01,General Merchandise Stores,4906.64,2019,8
2019-09-01,General Merchandise Stores,4916.7,2019,9
2019-10-01,General Merchandise Stores,4376.19,2019,10
2019-11-01,General Merchandise Stores,4219.52,2019,11
2019-12-01,General Merchandise Stores,4074.92,2019,12
2020-01-01,General Merchandise Stores,3823.27,2020,1
2020-02-01,General Merchandise Stores,4192.58,2020,2
2020-03-01,General Merchandise Stores,3250.82,2020,3
2020-04-01,General Merchandise Stores,3625.06,2020,4
2020-05-01,General Merchandise Stores,3767.55,2020,5
2020-06-01,General Merchandise Stores,5598.32,2020,6
2020-07-01,General Merchandise Stores,5792.29,2020,7
2020-08-01,General Merchandise Stores,5037.17,2020,8
2020-09-01,General Merchandise Stores,4932.87,2020,9
2020-10-01,General Merchandise Stores,4352.8,2020,10
2020-11-01,General Merchandise Stores,4064.82,2020,11
2020-12-01,General Merchandise Stores,4298.14,2020,12
2021-01-01,General Merchandise Stores,4345.18,2021,1
2021-02-01,General Merchandise Stores,4643.75,2021,2
2021-03-01,General Merchandise Stores,5176.48,2021,3
2021-04-01,General Merchandise Stores,5261.54,2021,4
2021-05-01,General Merchandise Stores,5729.67,2021,5
2021-06-01,General Merchandise Stores,5595.56,2021,6
2021-07-01,General Merchandise Stores,5671.01,2021,7
2021-08-01,General Merchandise Stores,5286.45,2021,8
2021-09-01,General Merchandise Stores,4966.44,2021,9
2021-10-01,General Merchandise Stores,4714.73,2021,10
2021-11-01,General Merchandise Stores,4088.49,2021,11
2021-12-01,General Merchandise Stores,4737.53,2021,12
2022-01-01,General Merchandise Stores,4086.66,2022,1
2022-02-01,General Merchandise Stores,4349.77,2022,2
2022-03-01,General Merchandise Stores,5370.34,2022,3
2022-04-01,General Merchandise Stores,5700.75,2022,4
2022-05-01,General Merchandise Stores,5974.1,2022,5
2022-06-01,General Merchandise Stores,6105.09,2022,6
2022-07-01,General Merchandise Stores,5859.23,2022,7
2022-08-01,General Merchandise Stores,5366.14,2022,8
2022-09-01,General Merchandise Stores,5234.1,2022,9
2022-10-01,General Merchandise Stores,4667.11,2022,10
2022-11-01,General Merchandise Stores,4813.41,2022,11
2022-12-01,General Merchandise Stores,4446.19,2022,12
2023-01-01,General Merchandise Stores,4405.15,2023,1
2023-02-01,General Merchandise Stores,4847.76,2023,2
2023-03-01,General Merchandise Stores,5455.56,2023,3
2023-04-01,General Merchandise Stores,5632.19,2023,4
2023-05-01,General Merchandise Stores,5882.62,2023,5
2023-06-01,General Merchandise Stores,6281.16,2023,6
2023-07-01,General Merchandise Stores,5847.05,2023,7
2023-08-01,General Merchandise Stores,5373.5,2023,8
2023-09-01,General Merchandise Stores,4991.3,2023,9
2023-10-01,General Merchandise Stores,4777.23,2023,10
2023-11-01,General Merchandise Stores,4069.76,2023,11
2023-12-01,General Merchandise Stores,3981.57,2023,12
2024-01-01,General Merchandise Stores,4271.13,2024,1
2024-02-01,General Merchandise Stores,4699.96,2024,2
2024-03-01,General Merchandise Stores,5240.85,2024,3
2024-04-01,General Merchandise Stores,5943.04,2024,4
2024-05-01,General Merchandise Stores,6088.95,2024,5
2024-06-01,General Merchandise Stores,5948.45,2024,6
2024-07-01,General Merchandise Stores,5885.53,2024,7
2024-08-01,General Merchandise Stores,5353.61,2024,8
2024-09-01,General Merchandise Stores,5210.33,2024,9
2024-10-01,General Merchandise Stores,4751.01,2024,10
2024-11-01,General Merchandise Stores,4621.0,2024,11
2024-12-01,General Merchandise Stores,4232.79,2024,12
2015-01-01,Clothing & Accessories Stores,1797.86,2015,1
2015-02-01,Clothing & Accessories Stores,2240.63,2015,2
2015-03-01,Clothing & Accessories Stores,2081.34,2015,3
2015-04-01,Clothing & Accessories Stores,2464.36,2015,4
2015-05-01,Clothing & Accessories Stores,2724.43,2015,5
2015-06-01,Clothing & Accessories Stores,2520.77,2015,6
2015-07-01,Clothing & Accessories Stores,2615.73,2015,7
2015-08-01,Clothing & Accessories Stores,2383.8,2015,8
2015-09-01,Clothing & Accessories Stores,2159.61,2015,9
2015-10-01,Clothing & Accessories Stores,1694.58,2015,10
2015-11-01,Clothing & Accessories Stores,1716.91,2015,11
2015-12-01,Clothing & Accessories Stores,1773.62,2015,12
2016-01-01,Clothing & Accessories Stores,2085.18,2016,1
2016-02-01,Clothing & Accessories Stores,2148.61,2016,2
2016-03-01,Clothing & Accessories Stores,2703.85,2016,3
2016-04-01,Clothing & Accessories Stores,2222.25,2016,4
2016-05-01,Clothing & Accessories Stores,2822.84,2016,5
2016-06-01,Clothing & Accessories Stores,2720.58,2016,6
2016-07-01,Clothing & Accessories Stores,3163.59,2016,7
2016-08-01,Clothing & Accessories Stores,2229.43,2016,8
2016-09-01,Clothing & Accessories Stores,1975.89,2016,9
2016-10-01,Clothing & Accessories Stores,1790.83,2016,10
2016-11-01,Clothing & Accessories Stores,1228.02,2016,11
2016-12-01,Clothing & Accessories Stores,1568.13,2016,12
2017-01-01,Clothing & Accessories Stores,1580.69,2017,1
2017-02-01,Clothing & Accessories Stores,1997.27,2017,2
2017-03-01,Clothing & Accessories Stores,2299.87,2017,3
2017-04-01,Clothing & Accessories Stores,2940.92,2017,4
2017-05-01,Clothing & Accessories Stores,2895.02,2017,5
2017-06-01,Clothing & Accessories Stores,2581.5,2017,6
2017-07-01,Clothing & Accessories Stores,2437.86,2017,7
2017-08-01,Clothing & Accessories Stores,2609.59,2017,8
2017-09-01,Clothing & Accessories Stores,1907.3,2017,9
2017-10-01,Clothing & Accessories Stores,2455.9,2017,10
2017-11-01,Clothing & Accessories Stores,2112.96,2017,11
2017-12-01,Clothing & Accessories Stores,1634.89,2017,12
2018-01-01,Clothing & Accessories Stores,1392.78,2018,1
2018-02-01,Clothing & Accessories Stores,2353.05,2018,2
2018-03-01,Clothing & Accessories Stores,2237.39,2018,3
2018-04-01,Clothing & Accessories Stores,2832.55,2018,4
2018-05-01,Clothing & Accessories Stores,2306.22,2018,5
2018-06-01,Clothing & Accessories Stores,2628.33,2018,6
2018-07-01,Clothing & Accessories Stores,2718.08,2018,7
2018-08-01,Clothing & Accessories Stores,2549.96,2018,8
2018-09-01,Clothing & Accessories Stores,2179.08,2018,9
2018-10-01,Clothing & Accessories Stores,2203.83,2018,10
2018-11-01,Clothing & Accessories Stores,1599.2,2018,11
2018-12-01,Clothing & Accessories Stores,1769.75,2018,12
2019-01-01,Clothing & Accessories Stores,1907.3,2019,1
2019-02-01,Clothing & Accessories Stores,2194.01,2019,2
2019-03-01,Clothing & Accessories Stores,2498.08,2019,3
2019-04-01,Clothing & Accessories Stores,2289.72,2019,4
2019-05-01,Clothing & Accessories Stores,2373.92,2019,5
2019-06-01,Clothing & Accessories Stores,3153.85,2019,6
2019-07-01,Clothing & Accessories Stores,2853.01,2019,7
2019-08-01,Clothing & Accessories Stores,2402.01,2019,8
2019-09-01,Clothing & Accessories Stores,2735.89,2019,9
2019-10-01,Clothing & Accessories Stores,2128.53,2019,10
2019-11-01,Clothing & Accessories Stores,2217.92,2019,11
2019-12-01,Clothing & Accessories Stores,1875.14,2019,12
2020-01-01,Clothing & Accessories Stores,2448.8,2020,1
2020-02-01,Clothing & Accessories Stores,2559.22,2020,2
2020-03-01,Clothing & Accessories Stores,943.51,2020,3
2020-04-01,Clothing & Accessories Stores,1505.46,2020,4
2020-05-01,Clothing & Accessories Stores,1610.65,2020,5
2020-06-01,Clothing & Accessories Stores,1864.27,2020,6
2020-07-01,Clothing & Accessories Stores,1289.44,2020,7
2020-08-01,Clothing & Accessories Stores,1602.68,2020,8
2020-09-01,Clothing & Accessories Stores,1526.72,2020,9
2020-10-01,Clothing & Accessories Stores,647.01,2020,10
2020-11-01,Clothing & Accessories Stores,689.22,2020,11
2020-12-01,Clothing & Accessories Stores,486.74,2020,12
2021-01-01,Clothing & Accessories Stores,1079.93,2021,1
2021-02-01,Clothing & Accessories Stores,1591.86,2021,2
2021-03-01,Clothing & Accessories Stores,2119.84,2021,3
2021-04-01,Clothing & Accessories Stores,2090.13,2021,4
2021-05-01,Clothing & Accessories Stores,2745.09,2021,5
2021-06-01,Clothing & Accessories Stores,2134.09,2021,6
2021-07-01,Clothing & Accessories Stores,2072.84,2021,7
2021-08-01,Clothing & Accessories Stores,2392.29,2021,8
2021-09-01,Clothing & Accessories Stores,2340.28,2021,9
2021-10-01,Clothing & Accessories Stores,2072.47,2021,10
2021-11-01,Clothing & Accessories Stores,1463.91,2021,11
2021-12-01,Clothing & Accessories Stores,1982.67,2021,12
2022-01-01,Clothing & Accessories Stores,1754.76,2022,1
2022-02-01,Clothing & Accessories Stores,2446.63,2022,2
2022-03-01,Clothing & Accessories Stores,2631.63,2022,3
2022-04-01,Clothing & Accessories Stores,2563.78,2022,4
2022-05-01,Clothing & Accessories Stores,2865.52,2022,5
2022-06-01,Clothing & Accessories Stores,2806.45,2022,6
2022-07-01,Clothing & Accessories Stores,3001.97,2022,7
2022-08-01,Clothing & Accessories Stores,3086.82,2022,8
2022-09-01,Clothing & Accessories Stores,2359.1,2022,9
2022-10-01,Clothing & Accessories Stores,2495.89,2022,10
2022-11-01,Clothing & Accessories Stores,2063.61,2022,11
2022-12-01,Clothing & Accessories Stores,1941.82,2022,12
2023-01-01,Clothing & Accessories Stores,2193.02,2023,1
2023-02-01,Clothing & Accessories Stores,2153.49,2023,2
2023-03-01,Clothing & Accessories Stores,2536.23,2023,3
2023-04-01,Clothing & Accessories Stores,2635.26,2023,4
2023-05-01,Clothing & Accessories Stores,3626.62,2023,5
2023-06-01,Clothing & Accessories Stores,3218.76,2023,6
2023-07-01,Clothing & Accessories Stores,2802.93,2023,7
2023-08-01,Clothing & Accessories Stores,2854.55,2023,8
2023-09-01,Clothing & Accessories Stores,2526.69,2023,9
2023-10-01,Clothing & Accessories Stores,2253.69,2023,10
2023-11-01,Clothing & Accessories Stores,2285.51,2023,11
2023-12-01,Clothing & Accessories Stores,2259.02,2023,12
2024-01-01,Clothing & Accessories Stores,2005.8,2024,1
2024-02-01,Clothing & Accessories Stores,2181.77,2024,2
2024-03-01,Clothing & Accessories Stores,2511.94,2024,3
2024-04-01,Clothing & Accessories Stores,2255.54,2024,4
2024-05-01,Clothing & Accessories Stores,2641.18,2024,5
2024-06-01,Clothing & Accessories Stores,3438.83,2024,6
2024-07-01,Clothing & Accessories Stores,3446.29,2024,7
2024-08-01,Clothing & Accessories Stores,2790.37,2024,8
2024-09-01,Clothing & Accessories Stores,2752.79,2024,9
2024-10-01,Clothing & Accessories Stores,2440.31,2024,10
2024-11-01,Clothing & Accessories Stores,2959.12,2024,11
2024-12-01,Clothing & Accessories Stores,2402.76,2024,12
2015-01-01,Health & Personal Care Stores,2910.93,2015,1
2015-02-01,Health & Personal Care Stores,2887.97,2015,2
2015-03-01,Health & Personal Care Stores,2913.72,2015,3
2015-04-01,Health & Personal Care Stores,3244.6,2015,4
2015-05-01,Health & Personal Care Stores,3205.25,2015,5
2015-06-01,Health & Personal Care Stores,3155.93,2015,6
2015-07-01,Health & Personal Care Stores,3231.78,2015,7
2015-08-01,Health & Personal Care Stores,3111.1,2015,8
2015-09-01,Health & Personal Care Stores,3360.87,2015,9
2015-10-01,Health & Personal Care Stores,3167.45,2015,10
2015-11-01,Health & Personal Care Stores,2990.39,2015,11
2015-12-01,Health & Personal Care Stores,3154.55,2015,12
2016-01-01,Health & Personal Care Stores,3013.89,2016,1
2016-02-01,Health & Personal Care Stores,2977.16,2016,2
2016-03-01,Health & Personal Care Stores,3379.28,2016,3
2016-04-01,Health & Personal Care Stores,3363.7,2016,4
2016-05-01,Health & Personal Care Stores,3247.92,2016,5
2016-06-01,Health & Personal Care Stores,3386.19,2016,6
2016-07-01,Health & Personal Care Stores,3280.88,2016,7
2016-08-01,Health & Personal Care Stores,3151.24,2016,8
2016-09-01,Health & Personal Care Stores,3344.01,2016,9
2016-10-01,Health & Personal Care Stores,3372.39,2016,10
2016-11-01,Health & Personal Care Stores,2895.46,2016,11
2016-12-01,Health & Personal Care Stores,3118.35,2016,12
2017-01-01,Health & Personal Care Stores,3001.12,2017,1
2017-02-01,Health & Personal Care Stores,3101.05,2017,2
2017-03-01,Health & Personal Care Stores,3194.46,2017,3
2017-04-01,Health & Personal Care Stores,3267.24,2017,4
2017-05-01,Health & Personal Care Stores,3460.06,2017,5
2017-06-01,Health & Personal Care Stores,3384.25,2017,6
2017-07-01,Health & Personal Care Stores,3500.49,2017,7
2017-08-01,Health & Personal Care Stores,3393.98,2017,8
2017-09-01,Health & Personal Care Stores,3277.04,2017,9
2017-10-01,Health & Personal Care Stores,3100.59,2017,10
2017-11-01,Health & Personal Care Stores,3074.86,2017,11
2017-12-01,Health & Personal Care Stores,3219.71,2017,12
2018-01-01,Health & Personal Care Stores,3221.41,2018,1
2018-02-01,Health & Personal Care Stores,3117.74,2018,2
2018-03-01,Health & Personal Care Stores,3357.73,2018,3
2018-04-01,Health & Personal Care Stores,3545.05,2018,4
2018-05-01,Health & Personal Care Stores,3324.53,2018,5
2018-06-01,Health & Personal Care Stores,3632.17,2018,6
2018-07-01,Health & Personal Care Stores,3462.29,2018,7
2018-08-01,Health & Personal Care Stores,3548.46,2018,8
2018-09-01,Health & Personal Care Stores,3289.52,2018,9
2018-10-01,Health & Personal Care Stores,3066.82,2018,10
2018-11-01,Health & Personal Care Stores,3022.06,2018,11
2018-12-01,Health & Personal Care Stores,3209.5,2018,12
2019-01-01,Health & Personal Care Stores,3269.0,2019,1
2019-02-01,Health & Personal Care Stores,3204.32,2019,2
2019-03-01,Health & Personal Care Stores,3502.1,2019,3
2019-04-01,Health & Personal Care Stores,3323.35,2019,4
2019-05-01,Health & Personal Care Stores,3600.84,2019,5
2019-06-01,Health & Personal Care Stores,3492.13,2019,6
2019-07-01,Health & Personal Care Stores,3541.13,2019,7
2019-08-01,Health & Personal Care Stores,3561.09,2019,8
2019-09-01,Health & Personal Care Stores,3354.98,2019,9
2019-10-01,Health & Personal Care Stores,3320.44,2019,10
2019-11-01,Health & Personal Care Stores,3426.16,2019,11
2019-12-01,Health & Personal Care Stores,3209.51,2019,12
2020-01-01,Health & Personal Care Stores,3417.92,2020,1
2020-02-01,Health & Personal Care Stores,3253.87,2020,2
2020-03-01,Health & Personal Care Stores,4031.11,2020,3
2020-04-01,Health & Personal Care Stores,4250.63,2020,4
2020-05-01,Health & Personal Care Stores,3845.05,2020,5
2020-06-01,Health & Personal Care Stores,3620.98,2020,6
2020-07-01,Health & Personal Care Stores,3771.01,2020,7
2020-08-01,Health & Personal Care Stores,3607.53,2020,8
2020-09-01,Health & Personal Care Stores,3585.19,2020,9
2020-10-01,Health & Personal Care Stores,3370.73,2020,10
2020-11-01,Health & Personal Care Stores,3389.62,2020,11
2020-12-01,Health & Personal Care Stores,3339.24,2020,12
2021-01-01,Health & Personal Care Stores,3536.6,2021,1
2021-02-01,Health & Personal Care Stores,3503.01,2021,2
2021-03-01,Health & Personal Care Stores,3619.78,2021,3
2021-04-01,Health & Personal Care Stores,3633.3,2021,4
2021-05-01,Health & Personal Care Stores,3703.58,2021,5
2021-06-01,Health & Personal Care Stores,3743.65,2021,6
2021-07-01,Health & Personal Care Stores,3836.2,2021,7
2021-08-01,Health & Personal Care Stores,3678.67,2021,8
2021-09-01,Health & Personal Care Stores,3683.6,2021,9
2021-10-01,Health & Personal Care Stores,3821.81,2021,10
2021-11-01,Health & Personal Care Stores,3616.06,2021,11
2021-12-01,Health & Personal Care Stores,3457.61,2021,12
2022-01-01,Health & Personal Care Stores,3690.58,2022,1
2022-02-01,Health & Personal Care Stores,3581.02,2022,2
2022-03-01,Health & Personal Care Stores,3495.69,2022,3
2022-04-01,Health & Personal Care Stores,3740.21,2022,4
2022-05-01,Health & Personal Care Stores,3723.23,2022,5
2022-06-01,Health & Personal Care Stores,3955.2,2022,6
2022-07-01,Health & Personal Care Stores,3991.07,2022,7
2022-08-01,Health & Personal Care Stores,4140.25,2022,8
2022-09-01,Health & Personal Care Stores,3889.71,2022,9
2022-10-01,Health & Personal Care Stores,3738.79,2022,10
2022-11-01,Health & Personal Care Stores,3812.39,2022,11
2022-12-01,Health & Personal Care Stores,3425.36,2022,12
2023-01-01,Health & Personal Care Stores,3772.34,2023,1
2023-02-01,Health & Personal Care Stores,3928.71,2023,2
2023-03-01,Health & Personal Care Stores,3766.57,2023,3
2023-04-01,Health & Personal Care Stores,4208.53,2023,4
2023-05-01,Health & Personal Care Stores,4198.68,2023,5
2023-06-01,Health & Personal Care Stores,4148.8,2023,6
2023-07-01,Health & Personal Care Stores,4010.42,2023,7
2023-08-01,Health & Personal Care Stores,4146.77,2023,8
2023-09-01,Health & Personal Care Stores,3794.22,2023,9
2023-10-01,Health & Personal Care Stores,3708.9,2023,10
2023-11-01,Health & Personal Care Stores,3554.42,2023,11
2023-12-01,Health & Personal Care Stores,3485.66,2023,12
2024-01-01,Health & Personal Care Stores,3727.26,2024,1
2024-02-01,Health & Personal Care Stores,3597.8,2024,2
2024-03-01,Health & Personal Care Stores,3819.29,2024,3
2024-04-01,Health & Personal Care Stores,3857.65,2024,4
2024-05-01,Health & Personal Care Stores,4055.93,2024,5
2024-06-01,Health & Personal Care Stores,4071.17,2024,6
2024-07-01,Health & Personal Care Stores,4138.11,2024,7
2024-08-01,Health & Personal Care Stores,3879.47,2024,8
2024-09-01,Health & Personal Care Stores,3815.7,2024,9
2024-10-01,Health & Personal Care Stores,3634.26,2024,10
2024-11-01,Health & Personal Care Stores,3633.79,2024,11
2024-12-01,Health & Personal Care Stores,3715.33,2024,12
2015-01-01,"Sporting Goods, Hobby & Music",965.1,2015,1
2015-02-01,"Sporting Goods, Hobby & Music",800.13,2015,2
2015-03-01,"Sporting Goods, Hobby & Music",1248.07,2015,3
2015-04-01,"Sporting Goods, Hobby & Music",1480.56,2015,4
2015-05-01,"Sporting Goods, Hobby & Music",1437.19,2015,5
2015-06-01,"Sporting Goods, Hobby & Music",1721.13,2015,6
2015-07-01,"Sporting Goods, Hobby & Music",1245.88,2015,7
2015-08-01,"Sporting Goods, Hobby & Music",1060.67,2015,8
2015-09-01,"Sporting Goods, Hobby & Music",824.84,2015,9
2015-10-01,"Sporting Goods, Hobby & Music",1217.47,2015,10
2015-11-01,"Sporting Goods, Hobby & Music",971.08,2015,11
2015-12-01,"Sporting Goods, Hobby & Music",816.04,2015,12
2016-01-01,"Sporting Goods, Hobby & Music",913.89,2016,1
2016-02-01,"Sporting Goods, Hobby & Music",794.09,2016,2
2016-03-01,"Sporting Goods, Hobby & Music",1535.63,2016,3
2016-04-01,"Sporting Goods, Hobby & Music",1305.7,2016,4
2016-05-01,"Sporting Goods, Hobby & Music",1414.52,2016,5
2016-06-01,"Sporting Goods, Hobby & Music",1558.71,2016,6
2016-07-01,"Sporting Goods, Hobby & Music",1480.42,2016,7
2016-08-01,"Sporting Goods, Hobby & Music",1330.48,2016,8
2016-09-01,"Sporting Goods, Hobby & Music",1015.41,2016,9
2016-10-01,"Sporting Goods, Hobby & Music",1075.92,2016,10
2016-11-01,"Sporting Goods, Hobby & Music",1201.14,2016,11
2016-12-01,"Sporting Goods, Hobby & Music",1074.7,2016,12
2017-01-01,"Sporting Goods, Hobby & Music",1158.07,2017,1
2017-02-01,"Sporting Goods, Hobby & Music",922.94,2017,2
2017-03-01,"Sporting Goods, Hobby & Music",996.3,2017,3
2017-04-01,"Sporting Goods, Hobby & Music",1291.12,2017,4
2017-05-01,"Sporting Goods, Hobby & Music",1433.17,2017,5
2017-06-01,"Sporting Goods, Hobby & Music",1647.0,2017,6
2017-07-01,"Sporting Goods, Hobby & Music",1149.3,2017,7
2017-08-01,"Sporting Goods, Hobby & Music",1573.42,2017,8
2017-09-01,"Sporting Goods, Hobby & Music",1147.26,2017,9
2017-10-01,"Sporting Goods, Hobby & Music",955.19,2017,10
2017-11-01,"Sporting Goods, Hobby & Music",751.11,2017,11
2017-12-01,"Sporting Goods, Hobby & Music",607.16,2017,12
2018-01-01,"Sporting Goods, Hobby & Music",1058.52,2018,1
2018-02-01,"Sporting Goods, Hobby & Music",1046.89,2018,2
2018-03-01,"Sporting Goods, Hobby & Music",974.24,2018,3
2018-04-01,"Sporting Goods, Hobby & Music",1125.69,2018,4
2018-05-01,"Sporting Goods, Hobby & Music",1396.07,2018,5
2018-06-01,"Sporting Goods, Hobby & Music",1769.35,2018,6
2018-07-01,"Sporting Goods, Hobby & Music",1413.23,2018,7
2018-08-01,"Sporting Goods, Hobby & Music",1100.52,2018,8
2018-09-01,"Sporting Goods, Hobby & Music",1160.29,2018,9
2018-10-01,"Sporting Goods, Hobby & Music",1008.13,2018,10
2018-11-01,"Sporting Goods, Hobby & Music",500.62,2018,11
2018-12-01,"Sporting Goods, Hobby & Music",898.75,2018,12
2019-01-01,"Sporting Goods, Hobby & Music",912.09,2019,1
2019-02-01,"Sporting Goods, Hobby & Music",1177.17,2019,2
2019-03-01,"Sporting Goods, Hobby & Music",1519.66,2019,3
2019-04-01,"Sporting Goods, Hobby & Music",1552.76,2019,4
2019-05-01,"Sporting Goods, Hobby & Music",1434.61,2019,5
2019-06-01,"Sporting Goods, Hobby & Music",1338.88,2019,6
2019-07-01,"Sporting Goods, Hobby & Music",1908.16,2019,7
2019-08-01,"Sporting Goods, Hobby & Music",1385.81,2019,8
2019-09-01,"Sporting Goods, Hobby & Music",1230.63,2019,9
2019-10-01,"Sporting Goods, Hobby & Music",1076.64,2019,10
2019-11-01,"Sporting Goods, Hobby & Music",1005.79,2019,11
2019-12-01,"Sporting Goods, Hobby & Music",911.39,2019,12
2020-01-01,"Sporting Goods, Hobby & Music",883.04,2020,1
2020-02-01,"Sporting Goods, Hobby & Music",999.56,2020,2
2020-03-01,"Sporting Goods, Hobby & Music",521.68,2020,3
2020-04-01,"Sporting Goods, Hobby & Music",589.71,2020,4
2020-05-01,"Sporting Goods, Hobby & Music",673.85,2020,5
2020-06-01,"Sporting Goods, Hobby & Music",1566.52,2020,6
2020-07-01,"Sporting Goods, Hobby & Music",1476.32,2020,7
2020-08-01,"Sporting Goods, Hobby & Music",1666.37,2020,8
2020-09-01,"Sporting Goods, Hobby & Music",840.42,2020,9
2020-10-01,"Sporting Goods, Hobby & Music",1317.56,2020,10
2020-11-01,"Sporting Goods, Hobby & Music",1242.88,2020,11
2020-12-01,"Sporting Goods, Hobby & Music",664.6,2020,12
2021-01-01,"Sporting Goods, Hobby & Music",999.98,2021,1
2021-02-01,"Sporting Goods, Hobby & Music",1114.67,2021,2
2021-03-01,"Sporting Goods, Hobby & Music",1103.34,2021,3
2021-04-01,"Sporting Goods, Hobby & Music",1366.87,2021,4
2021-05-01,"Sporting Goods, Hobby & Music",1431.4,2021,5
2021-06-01,"Sporting Goods, Hobby & Music",1953.58,2021,6
2021-07-01,"Sporting Goods, Hobby & Music",1791.94,2021,7
2021-08-01,"Sporting Goods, Hobby & Music",1750.85,2021,8
2021-09-01,"Sporting Goods, Hobby & Music",1523.41,2021,9
2021-10-01,"Sporting Goods, Hobby & Music",1081.33,2021,10
2021-11-01,"Sporting Goods, Hobby & Music",1084.56,2021,11
2021-12-01,"Sporting Goods, Hobby & Music",1224.96,2021,12
2022-01-01,"Sporting Goods, Hobby & Music",856.71,2022,1
2022-02-01,"Sporting Goods, Hobby & Music",1291.77,2022,2
2022-03-01,"Sporting Goods, Hobby & Music",1290.43,2022,3
2022-04-01,"Sporting Goods, Hobby & Music",1424.2,2022,4
2022-05-01,"Sporting Goods, Hobby & Music",1719.12,2022,5
2022-06-01,"Sporting Goods, Hobby & Music",1721.26,2022,6
2022-07-01,"Sporting Goods, Hobby & Music",1554.16,2022,7
2022-08-01,"Sporting Goods, Hobby & Music",1701.16,2022,8
2022-09-01,"Sporting Goods, Hobby & Music",1187.46,2022,9
2022-10-01,"Sporting Goods, Hobby & Music",1323.42,2022,10
2022-11-01,"Sporting Goods, Hobby & Music",1215.8,2022,11
2022-12-01,"Sporting Goods, Hobby & Music",1032.63,2022,12
2023-01-01,"Sporting Goods, Hobby & Music",1183.67,2023,1
2023-02-01,"Sporting Goods, Hobby & Music",1039.19,2023,2
2023-03-01,"Sporting Goods, Hobby & Music",1554.05,2023,3
2023-04-01,"Sporting Goods, Hobby & Music",1527.03,2023,4
2023-05-01,"Sporting Goods, Hobby & Music",1587.06,2023,5
2023-06-01,"Sporting Goods, Hobby & Music",1892.54,2023,6
2023-07-01,"Sporting Goods, Hobby & Music",1477.34,2023,7
2023-08-01,"Sporting Goods, Hobby & Music",1253.65,2023,8
2023-09-01,"Sporting Goods, Hobby & Music",1081.49,2023,9
2023-10-01,"Sporting Goods, Hobby & Music",1290.62,2023,10
2023-11-01,"Sporting Goods, Hobby & Music",871.84,2023,11
2023-12-01,"Sporting Goods, Hobby & Music",1334.75,2023,12
2024-01-01,"Sporting Goods, Hobby & Music",744.17,2024,1
2024-02-01,"Sporting Goods, Hobby & Music",1479.71,2024,2
2024-03-01,"Sporting Goods, Hobby & Music",1386.9,2024,3
2024-04-01,"Sporting Goods, Hobby & Music",1488.42,2024,4
2024-05-01,"Sporting Goods, Hobby & Music",1526.56,2024,5
2024-06-01,"Sporting Goods, Hobby & Music",1724.82,2024,6
2024-07-01,"Sporting Goods, Hobby & Music",1614.85,2024,7
2024-08-01,"Sporting Goods, Hobby & Music",1695.59,2024,8
2024-09-01,"Sporting Goods, Hobby & Music",1384.68,2024,9
2024-10-01,"Sporting Goods, Hobby & Music",1242.92,2024,10
2024-11-01,"Sporting Goods, Hobby & Music",1050.61,2024,11
2024-12-01,"Sporting Goods, Hobby & Music",1063.31,2024,12
2015-01-01,Furniture & Home Furnishings,1139.98,2015,1
2015-02-01,Furniture & Home Furnishings,988.49,2015,2
2015-03-01,Furniture & Home Furnishings,1217.09,2015,3
2015-04-01,Furniture & Home Furnishings,1687.81,2015,4
2015-05-01,Furniture & Home Furnishings,1738.7,2015,5
2015-06-01,Furniture & Home Furnishings,1738.83,2015,6
2015-07-01,Furniture & Home Furnishings,1723.19,2015,7
2015-08-01,Furniture & Home Furnishings,1644.08,2015,8
2015-09-01,Furniture & Home Furnishings,1347.77,2015,9
2015-10-01,Furniture & Home Furnishings,1142.29,2015,10
2015-11-01,Furniture & Home Furnishings,1153.48,2015,11
2015-12-01,Furniture & Home Furnishings,945.11,2015,12
2016-01-01,Furniture & Home Furnishings,1189.05,2016,1
2016-02-01,Furniture & Home Furnishings,1024.55,2016,2
2016-03-01,Furniture & Home Furnishings,1584.92,2016,3
2016-04-01,Furniture & Home Furnishings,1684.91,2016,4
2016-05-01,Furniture & Home Furnishings,1785.62,2016,5
2016-06-01,Furniture & Home Furnishings,1937.16,2016,6
2016-07-01,Furniture & Home Furnishings,1988.78,2016,7
2016-08-01,Furniture & Home Furnishings,1772.43,2016,8
2016-09-01,Furniture & Home Furnishings,1200.61,2016,9
2016-10-01,Furniture & Home Furnishings,1107.11,2016,10
2016-11-01,Furniture & Home Furnishings,1073.58,2016,11
2016-12-01,Furniture & Home Furnishings,1120.74,2016,12
2017-01-01,Furniture & Home Furnishings,1239.36,2017,1
2017-02-01,Furniture & Home Furnishings,1196.31,2017,2
2017-03-01,Furniture & Home Furnishings,1501.98,2017,3
2017-04-01,Furniture & Home Furnishings,1548.0,2017,4
2017-05-01,Furniture & Home Furnishings,1699.16,2017,5
2017-06-01,Furniture & Home Furnishings,1637.65,2017,6
2017-07-01,Furniture & Home Furnishings,1661.36,2017,7
2017-08-01,Furniture & Home Furnishings,1476.18,2017,8
2017-09-01,Furniture & Home Furnishings,1356.71,2017,9
2017-10-01,Furniture & Home Furnishings,1468.76,2017,10
2017-11-01,Furniture & Home Furnishings,1063.14,2017,11
2017-12-01,Furniture & Home Furnishings,1520.62,2017,12
2018-01-01,Furniture & Home Furnishings,1270.96,2018,1
2018-02-01,Furniture & Home Furnishings,1358.79,2018,2
2018-03-01,Furniture & Home Furnishings,1390.66,2018,3
2018-04-01,Furniture & Home Furnishings,1786.79,2018,4
2018-05-01,Furniture & Home Furnishings,1739.19,2018,5
2018-06-01,Furniture & Home Furnishings,1886.66,2018,6
2018-07-01,Furniture & Home Furnishings,2184.02,2018,7
2018-08-01,Furniture & Home Furnishings,1686.97,2018,8
2018-09-01,Furniture & Home Furnishings,1689.23,2018,9
2018-10-01,Furniture & Home Furnishings,1257.81,2018,10
2018-11-01,Furniture & Home Furnishings,1226.16,2018,11
2018-12-01,Furniture & Home Furnishings,1435.0,2018,12
2019-01-01,Furniture & Home Furnishings,1149.12,2019,1
2019-02-01,Furniture & Home Furnishings,1621.66,2019,2
2019-03-01,Furniture & Home Furnishings,1644.92,2019,3
2019-04-01,Furniture & Home Furnishings,1645.0,2019,4
2019-05-01,Furniture & Home Furnishings,1943.31,2019,5
2019-06-01,Furniture & Home Furnishings,2040.74,2019,6
2019-07-01,Furniture & Home Furnishings,1947.66,2019,7
2019-08-01,Furniture & Home Furnishings,1515.59,2019,8
2019-09-01,Furniture & Home Furnishings,1461.53,2019,9
2019-10-01,Furniture & Home Furnishings,1356.6,2019,10
2019-11-01,Furniture & Home Furnishings,1255.64,2019,11
2019-12-01,Furniture & Home Furnishings,1308.98,2019,12
2020-01-01,Furniture & Home Furnishings,1296.77,2020,1
2020-02-01,Furniture & Home Furnishings,1215.97,2020,2
2020-03-01,Furniture & Home Furnishings,724.06,2020,3
2020-04-01,Furniture & Home Furnishings,934.23,2020,4
2020-05-01,Furniture & Home Furnishings,1058.15,2020,5
2020-06-01,Furniture & Home Furnishings,2090.89,2020,6
2020-07-01,Furniture & Home Furnishings,2012.36,2020,7
2020-08-01,Furniture & Home Furnishings,1834.7,2020,8
2020-09-01,Furniture & Home Furnishings,1588.51,2020,9
2020-10-01,Furniture & Home Furnishings,1193.72,2020,10
2020-11-01,Furniture & Home Furnishings,1361.2,2020,11
2020-12-01,Furniture & Home Furnishings,1286.16,2020,12
2021-01-01,Furniture & Home Furnishings,1344.91,2021,1
2021-02-01,Furniture & Home Furnishings,1259.17,2021,2
2021-03-01,Furniture & Home Furnishings,1464.49,2021,3
2021-04-01,Furniture & Home Furnishings,1941.19,2021,4
2021-05-01,Furniture & Home Furnishings,1919.24,2021,5
2021-06-01,Furniture & Home Furnishings,2069.99,2021,6
2021-07-01,Furniture & Home Furnishings,1939.24,2021,7
2021-08-01,Furniture & Home Furnishings,1818.92,2021,8
2021-09-01,Furniture & Home Furnishings,1778.69,2021,9
2021-10-01,Furniture & Home Furnishings,1407.67,2021,10
2021-11-01,Furniture & Home Furnishings,1372.85,2021,11
2021-12-01,Furniture & Home Furnishings,1255.36,2021,12
2022-01-01,Furniture & Home Furnishings,1313.73,2022,1
2022-02-01,Furniture & Home Furnishings,1466.97,2022,2
2022-03-01,Furniture & Home Furnishings,1723.93,2022,3
2022-04-01,Furniture & Home Furnishings,1808.39,2022,4
2022-05-01,Furniture & Home Furnishings,2186.91,2022,5
2022-06-01,Furniture & Home Furnishings,1940.34,2022,6
2022-07-01,Furniture & Home Furnishings,2000.11,2022,7
2022-08-01,Furniture & Home Furnishings,1844.19,2022,8
2022-09-01,Furniture & Home Furnishings,1940.91,2022,9
2022-10-01,Furniture & Home Furnishings,1598.43,2022,10
2022-11-01,Furniture & Home Furnishings,1594.85,2022,11
2022-12-01,Furniture & Home Furnishings,1203.1,2022,12
2023-01-01,Furniture & Home Furnishings,1502.94,2023,1
2023-02-01,Furniture & Home Furnishings,1725.8,2023,2
2023-03-01,Furniture & Home Furnishings,1795.35,2023,3
2023-04-01,Furniture & Home Furnishings,2115.58,2023,4
2023-05-01,Furniture & Home Furnishings,2029.69,2023,5
2023-06-01,Furniture & Home Furnishings,2353.89,2023,6
2023-07-01,Furniture & Home Furnishings,2322.45,2023,7
2023-08-01,Furniture & Home Furnishings,1824.62,2023,8
2023-09-01,Furniture & Home Furnishings,1640.96,2023,9
2023-10-01,Furniture & Home Furnishings,1734.72,2023,10
2023-11-01,Furniture & Home Furnishings,1627.2,2023,11
2023-12-01,Furniture & Home Furnishings,1288.88,2023,12
2024-01-01,Furniture & Home Furnishings,1353.06,2024,1
2024-02-01,Furniture & Home Furnishings,1503.47,2024,2
2024-03-01,Furniture & Home Furnishings,1532.61,2024,3
2024-04-01,Furniture & Home Furnishings,1770.14,2024,4
2024-05-01,Furniture & Home Furnishings,1889.2,2024,5
2024-06-01,Furniture & Home Furnishings,1972.09,2024,6
2024-07-01,Furniture & Home Furnishings,2030.75,2024,7
2024-08-01,Furniture & Home Furnishings,1943.21,2024,8
2024-09-01,Furniture & Home Furnishings,1955.4,2024,9
2024-10-01,Furniture & Home Furnishings,1426.48,2024,10
2024-11-01,Furniture & Home Furnishings,1578.86,2024,11
2024-12-01,Furniture & Home Furnishings,1367.12,2024,12
2015-01-01,Electronics & Appliances,1244.09,2015,1
2015-02-01,Electronics & Appliances,1532.9,2015,2
2015-03-01,Electronics & Appliances,1391.1,2015,3
2015-04-01,Electronics & Appliances,1883.42,2015,4
2015-05-01,Electronics & Appliances,1991.7,2015,5
2015-06-01,Electronics & Appliances,2111.22,2015,6
2015-07-01,Electronics & Appliances,2021.93,2015,7
2015-08-01,Electronics & Appliances,2294.75,2015,8
2015-09-01,Electronics & Appliances,1504.22,2015,9
2015-10-01,Electronics & Appliances,1328.05,2015,10
2015-11-01,Electronics & Appliances,1167.28,2015,11
2015-12-01,Electronics & Appliances,1130.02,2015,12
2016-01-01,Electronics & Appliances,1171.21,2016,1
2016-02-01,Electronics & Appliances,1671.62,2016,2
2016-03-01,Electronics & Appliances,1919.4,2016,3
2016-04-01,Electronics & Appliances,1740.42,2016,4
2016-05-01,Electronics & Appliances,1839.93,2016,5
2016-06-01,Electronics & Appliances,2147.18,2016,6
2016-07-01,Electronics & Appliances,1900.38,2016,7
2016-08-01,Electronics & Appliances,1984.86,2016,8
2016-09-01,Electronics & Appliances,1705.63,2016,9
2016-10-01,Electronics & Appliances,1178.98,2016,10
2016-11-01,Electronics & Appliances,1624.04,2016,11
2016-12-01,Electronics & Appliances,1621.48,2016,12
2017-01-01,Electronics & Appliances,1215.93,2017,1
2017-02-01,Electronics & Appliances,1408.89,2017,2
2017-03-01,Electronics & Appliances,1741.55,2017,3
2017-04-01,Electronics & Appliances,1954.22,2017,4
2017-05-01,Electronics & Appliances,2166.18,2017,5
2017-06-01,Electronics & Appliances,2482.63,2017,6
2017-07-01,Electronics & Appliances,2012.44,2017,7
2017-08-01,Electronics & Appliances,1750.06,2017,8
2017-09-01,Electronics & Appliances,1441.84,2017,9
2017-10-01,Electronics & Appliances,1369.66,2017,10
2017-11-01,Electronics & Appliances,1360.56,2017,11
2017-12-01,Electronics & Appliances,1661.22,2017,12
2018-01-01,Electronics & Appliances,1274.21,2018,1
2018-02-01,Electronics & Appliances,1566.3,2018,2
2018-03-01,Electronics & Appliances,1723.51,2018,3
2018-04-01,Electronics & Appliances,2158.17,2018,4
2018-05-01,Electronics & Appliances,2564.91,2018,5
2018-06-01,Electronics & Appliances,2034.74,2018,6
2018-07-01,Electronics & Appliances,1992.44,2018,7
2018-08-01,Electronics & Appliances,2143.81,2018,8
2018-09-01,Electronics & Appliances,1877.59,2018,9
2018-10-01,Electronics & Appliances,1904.57,2018,10
2018-11-01,Electronics & Appliances,1519.04,2018,11
2018-12-01,Electronics & Appliances,1287.68,2018,12
2019-01-01,Electronics & Appliances,1527.0,2019,1
2019-02-01,Electronics & Appliances,1776.2,2019,2
2019-03-01,Electronics & Appliances,1924.2,2019,3
2019-04-01,Electronics & Appliances,2067.4,2019,4
2019-05-01,Electronics & Appliances,2324.55,2019,5
2019-06-01,Electronics & Appliances,2401.17,2019,6
2019-07-01,Electronics & Appliances,2391.78,2019,7
2019-08-01,Electronics & Appliances,2107.89,2019,8
2019-09-01,Electronics & Appliances,1754.58,2019,9
2019-10-01,Electronics & Appliances,1618.17,2019,10
2019-11-01,Electronics & Appliances,1678.57,2019,11
2019-12-01,Electronics & Appliances,1239.82,2019,12
2020-01-01,Electronics & Appliances,1524.38,2020,1
2020-02-01,Electronics & Appliances,1527.81,2020,2
2020-03-01,Electronics & Appliances,772.19,2020,3
2020-04-01,Electronics & Appliances,1215.46,2020,4
2020-05-01,Electronics & Appliances,1156.43,2020,5
2020-06-01,Electronics & Appliances,2225.58,2020,6
2020-07-01,Electronics & Appliances,1905.32,2020,7
2020-08-01,Electronics & Appliances,2166.61,2020,8
2020-09-01,Electronics & Appliances,1950.6,2020,9
2020-10-01,Electronics & Appliances,2045.34,2020,10
2020-11-01,Electronics & Appliances,1427.83,2020,11
2020-12-01,Electronics & Appliances,1478.74,2020,12
2021-01-01,Electronics & Appliances,1541.47,2021,1
2021-02-01,Electronics & Appliances,1946.2,2021,2
2021-03-01,Electronics & Appliances,1828.37,2021,3
2021-04-01,Electronics & Appliances,2103.57,2021,4
2021-05-01,Electronics & Appliances,2316.46,2021,5
2021-06-01,Electronics & Appliances,2292.5,2021,6
2021-07-01,Electronics & Appliances,2126.03,2021,7
2021-08-01,Electronics & Appliances,2111.27,2021,8
2021-09-01,Electronics & Appliances,2088.8,2021,9
2021-10-01,Electronics & Appliances,1494.24,2021,10
2021-11-01,Electronics & Appliances,1579.12,2021,11
2021-12-01,Electronics & Appliances,1374.24,2021,12
2022-01-01,Electronics & Appliances,1800.37,2022,1
2022-02-01,Electronics & Appliances,1433.55,2022,2
2022-03-01,Electronics & Appliances,1827.35,2022,3
2022-04-01,Electronics & Appliances,2215.76,2022,4
2022-05-01,Electronics & Appliances,2598.99,2022,5
2022-06-01,Electronics & Appliances,2348.04,2022,6
2022-07-01,Electronics & Appliances,2209.15,2022,7
2022-08-01,Electronics & Appliances,2539.18,2022,8
2022-09-01,Electronics & Appliances,1708.65,2022,9
2022-10-01,Electronics & Appliances,1373.16,2022,10
2022-11-01,Electronics & Appliances,1742.07,2022,11
2022-12-01,Electronics & Appliances,1516.27,2022,12
2023-01-01,Electronics & Appliances,1478.85,2023,1
2023-02-01,Electronics & Appliances,1966.0,2023,2
2023-03-01,Electronics & Appliances,2085.48,2023,3
2023-04-01,Electronics & Appliances,2139.03,2023,4
2023-05-01,Electronics & Appliances,2156.59,2023,5
2023-06-01,Electronics & Appliances,2632.18,2023,6
2023-07-01,Electronics & Appliances,2411.25,2023,7
2023-08-01,Electronics & Appliances,2124.29,2023,8
2023-09-01,Electronics & Appliances,2301.22,2023,9
2023-10-01,Electronics & Appliances,1544.54,2023,10
2023-11-01,Electronics & Appliances,1314.02,2023,11
2023-12-01,Electronics & Appliances,1423.82,2023,12
2024-01-01,Electronics & Appliances,1604.84,2024,1
2024-02-01,Electronics & Appliances,1810.05,2024,2
2024-03-01,Electronics & Appliances,1920.35,2024,3
2024-04-01,Electronics & Appliances,2237.59,2024,4
2024-05-01,Electronics & Appliances,2079.45,2024,5
2024-06-01,Electronics & Appliances,2653.87,2024,6
2024-07-01,Electronics & Appliances,2310.64,2024,7
2024-08-01,Electronics & Appliances,2397.85,2024,8
2024-09-01,Electronics & Appliances,2052.47,2024,9
2024-10-01,Electronics & Appliances,1877.7,2024,10
2024-11-01,Electronics & Appliances,1756.32,2024,11
2024-12-01,Electronics & Appliances,1682.63,2024,12
2015-01-01,Gasoline Stations,4721.37,2015,1
2015-02-01,Gasoline Stations,5382.88,2015,2
2015-03-01,Gasoline Stations,5313.64,2015,3
2015-04-01,Gasoline Stations,6014.31,2015,4
2015-05-01,Gasoline Stations,5980.76,2015,5
2015-06-01,Gasoline Stations,6828.14,2015,6
2015-07-01,Gasoline Stations,5727.87,2015,7
2015-08-01,Gasoline Stations,6568.67,2015,8
2015-09-01,Gasoline Stations,5267.87,2015,9
2015-10-01,Gasoline Stations,4177.9,2015,10
2015-11-01,Gasoline Stations,4588.86,2015,11
2015-12-01,Gasoline Stations,4100.43,2015,12
2016-01-01,Gasoline Stations,4944.0,2016,1
2016-02-01,Gasoline Stations,4585.41,2016,2
2016-03-01,Gasoline Stations,5142.85,2016,3
2016-04-01,Gasoline Stations,4928.19,2016,4
2016-05-01,Gasoline Stations,5941.08,2016,5
2016-06-01,Gasoline Stations,5149.79,2016,6
2016-07-01,Gasoline Stations,5433.16,2016,7
2016-08-01,Gasoline Stations,6211.71,2016,8
2016-09-01,Gasoline Stations,5784.42,2016,9
2016-10-01,Gasoline Stations,5176.61,2016,10
2016-11-01,Gasoline Stations,4206.37,2016,11
2016-12-01,Gasoline Stations,4526.84,2016,12
2017-01-01,Gasoline Stations,4678.89,2017,1
2017-02-01,Gasoline Stations,4478.72,2017,2
2017-03-01,Gasoline Stations,6185.26,2017,3
2017-04-01,Gasoline Stations,6353.11,2017,4
2017-05-01,Gasoline Stations,6179.34,2017,5
2017-06-01,Gasoline Stations,6426.75,2017,6
2017-07-01,Gasoline Stations,6401.95,2017,7
2017-08-01,Gasoline Stations,5030.3,2017,8
2017-09-01,Gasoline Stations,5430.99,2017,9
2017-10-01,Gasoline Stations,4788.33,2017,10
2017-11-01,Gasoline Stations,4320.15,2017,11
2017-12-01,Gasoline Stations,4547.61,2017,12
2018-01-01,Gasoline Stations,5651.89,2018,1
2018-02-01,Gasoline Stations,5450.75,2018,2
2018-03-01,Gasoline Stations,5344.35,2018,3
2018-04-01,Gasoline Stations,6340.47,2018,4
2018-05-01,Gasoline Stations,7067.65,2018,5
2018-06-01,Gasoline Stations,6976.9,2018,6
2018-07-01,Gasoline Stations,6462.33,2018,7
2018-08-01,Gasoline Stations,5813.07,2018,8
2018-09-01,Gasoline Stations,6003.44,2018,9
2018-10-01,Gasoline Stations,5421.65,2018,10
2018-11-01,Gasoline Stations,5337.86,2018,11
2018-12-01,Gasoline Stations,5106.43,2018,12
2019-01-01,Gasoline Stations,5431.77,2019,1
2019-02-01,Gasoline Stations,5030.34,2019,2
2019-03-01,Gasoline Stations,6358.21,2019,3
2019-04-01,Gasoline Stations,6294.98,2019,4
2019-05-01,Gasoline Stations,7513.98,2019,5
2019-06-01,Gasoline Stations,6351.63,2019,6
2019-07-01,Gasoline Stations,7376.85,2019,7
2019-08-01,Gasoline Stations,6338.46,2019,8
2019-09-01,Gasoline Stations,5501.8,2019,9
2019-10-01,Gasoline Stations,5141.04,2019,10
2019-11-01,Gasoline Stations,4898.99,2019,11
2019-12-01,Gasoline Stations,5137.68,2019,12
2020-01-01,Gasoline Stations,5315.26,2020,1
2020-02-01,Gasoline Stations,5142.34,2020,2
2020-03-01,Gasoline Stations,3000.27,2020,3
2020-04-01,Gasoline Stations,4475.08,2020,4
2020-05-01,Gasoline Stations,4621.25,2020,5
2020-06-01,Gasoline Stations,7008.37,2020,6
2020-07-01,Gasoline Stations,6712.21,2020,7
2020-08-01,Gasoline Stations,6432.01,2020,8
2020-09-01,Gasoline Stations,6223.79,2020,9
2020-10-01,Gasoline Stations,5018.83,2020,10
2020-11-01,Gasoline Stations,5058.46,2020,11
2020-12-01,Gasoline Stations,4288.27,2020,12
2021-01-01,Gasoline Stations,5387.41,2021,1
2021-02-01,Gasoline Stations,5843.72,2021,2
2021-03-01,Gasoline Stations,5775.54,2021,3
2021-04-01,Gasoline Stations,7199.13,2021,4
2021-05-01,Gasoline Stations,6229.1,2021,5
2021-06-01,Gasoline Stations,6248.84,2021,6
2021-07-01,Gasoline Stations,6946.8,2021,7
2021-08-01,Gasoline Stations,7030.54,2021,8
2021-09-01,Gasoline Stations,6906.74,2021,9
2021-10-01,Gasoline Stations,5482.08,2021,10
2021-11-01,Gasoline Stations,5900.4,2021,11
2021-12-01,Gasoline Stations,5285.14,2021,12
2022-01-01,Gasoline Stations,5371.12,2022,1
2022-02-01,Gasoline Stations,6223.05,2022,2
2022-03-01,Gasoline Stations,6592.95,2022,3
2022-04-01,Gasoline Stations,6028.08,2022,4
2022-05-01,Gasoline Stations,7814.44,2022,5
2022-06-01,Gasoline Stations,7918.05,2022,6
2022-07-01,Gasoline Stations,6886.99,2022,7
2022-08-01,Gasoline Stations,7063.74,2022,8
2022-09-01,Gasoline Stations,6687.87,2022,9
2022-10-01,Gasoline Stations,6156.83,2022,10
2022-11-01,Gasoline Stations,5476.03,2022,11
2022-12-01,Gasoline Stations,5326.85,2022,12
2023-01-01,Gasoline Stations,5777.95,2023,1
2023-02-01,Gasoline Stations,6696.34,2023,2
2023-03-01,Gasoline Stations,6880.07,2023,3
2023-04-01,Gasoline Stations,6930.39,2023,4
2023-05-01,Gasoline Stations,7822.58,2023,5
2023-06-01,Gasoline Stations,6277.05,2023,6
2023-07-01,Gasoline Stations,7622.05,2023,7
2023-08-01,Gasoline Stations,5951.65,2023,8
2023-09-01,Gasoline Stations,6157.04,2023,9
2023-10-01,Gasoline Stations,5363.49,2023,10
2023-11-01,Gasoline Stations,4963.0,2023,11
2023-12-01,Gasoline Stations,6002.43,2023,12
2024-01-01,Gasoline Stations,5371.69,2024,1
2024-02-01,Gasoline Stations,6093.0,2024,2
2024-03-01,Gasoline Stations,6369.71,2024,3
2024-04-01,Gasoline Stations,7075.76,2024,4
2024-05-01,Gasoline Stations,7228.71,2024,5
2024-06-01,Gasoline Stations,6723.73,2024,6
2024-07-01,Gasoline Stations,7680.68,2024,7
2024-08-01,Gasoline Stations,6664.76,2024,8
2024-09-01,Gasoline Stations,5728.19,2024,9
2024-10-01,Gasoline Stations,5817.14,2024,10
2024-11-01,Gasoline Stations,6401.27,2024,11
2024-12-01,Gasoline Stations,5987.07,2024,12
2015-01-01,Miscellaneous Retailers,2375.49,2015,1
2015-02-01,Miscellaneous Retailers,2527.6,2015,2
2015-03-01,Miscellaneous Retailers,2739.62,2015,3
2015-04-01,Miscellaneous Retailers,3482.69,2015,4
2015-05-01,Miscellaneous Retailers,3255.3,2015,5
2015-06-01,Miscellaneous Retailers,3325.5,2015,6
2015-07-01,Miscellaneous Retailers,3412.19,2015,7
2015-08-01,Miscellaneous Retailers,3094.32,2015,8
2015-09-01,Miscellaneous Retailers,2788.64,2015,9
2015-10-01,Miscellaneous Retailers,2608.52,2015,10
2015-11-01,Miscellaneous Retailers,2495.88,2015,11
2015-12-01,Miscellaneous Retailers,2455.83,2015,12
2016-01-01,Miscellaneous Retailers,2686.58,2016,1
2016-02-01,Miscellaneous Retailers,2687.47,2016,2
2016-03-01,Miscellaneous Retailers,3045.78,2016,3
2016-04-01,Miscellaneous Retailers,3069.42,2016,4
2016-05-01,Miscellaneous Retailers,3257.36,2016,5
2016-06-01,Miscellaneous Retailers,2851.57,2016,6
2016-07-01,Miscellaneous Retailers,3456.67,2016,7
2016-08-01,Miscellaneous Retailers,3188.45,2016,8
2016-09-01,Miscellaneous Retailers,3140.22,2016,9
2016-10-01,Miscellaneous Retailers,2073.74,2016,10
2016-11-01,Miscellaneous Retailers,3049.72,2016,11
2016-12-01,Miscellaneous Retailers,2502.9,2016,12
2017-01-01,Miscellaneous Retailers,2841.82,2017,1
2017-02-01,Miscellaneous Retailers,2512.89,2017,2
2017-03-01,Miscellaneous Retailers,3088.93,2017,3
2017-04-01,Miscellaneous Retailers,2921.53,2017,4
2017-05-01,Miscellaneous Retailers,3170.02,2017,5
2017-06-01,Miscellaneous Retailers,3797.91,2017,6
2017-07-01,Miscellaneous Retailers,3278.7,2017,7
2017-08-01,Miscellaneous Retailers,3229.54,2017,8
2017-09-01,Miscellaneous Retailers,3181.56,2017,9
2017-10-01,Miscellaneous Retailers,2903.53,2017,10
2017-11-01,Miscellaneous Retailers,2685.62,2017,11
2017-12-01,Miscellaneous Retailers,2685.92,2017,12
2018-01-01,Miscellaneous Retailers,3201.95,2018,1
2018-02-01,Miscellaneous Retailers,2802.93,2018,2
2018-03-01,Miscellaneous Retailers,3066.71,2018,3
2018-04-01,Miscellaneous Retailers,3462.85,2018,4
2018-05-01,Miscellaneous Retailers,3627.38,2018,5
2018-06-01,Miscellaneous Retailers,3705.06,2018,6
2018-07-01,Miscellaneous Retailers,3534.49,2018,7
2018-08-01,Miscellaneous Retailers,2994.8,2018,8
2018-09-01,Miscellaneous Retailers,3422.56,2018,9
2018-10-01,Miscellaneous Retailers,2605.72,2018,10
2018-11-01,Miscellaneous Retailers,2789.71,2018,11
2018-12-01,Miscellaneous Retailers,2505.21,2018,12
2019-01-01,Miscellaneous Retailers,2719.22,2019,1
2019-02-01,Miscellaneous Retailers,2959.48,2019,2
2019-03-01,Miscellaneous Retailers,3163.65,2019,3
2019-04-01,Miscellaneous Retailers,3392.01,2019,4
2019-05-01,Miscellaneous Retailers,3811.21,2019,5
2019-06-01,Miscellaneous Retailers,3610.76,2019,6
2019-07-01,Miscellaneous Retailers,3406.72,2019,7
2019-08-01,Miscellaneous Retailers,3536.79,2019,8
2019-09-01,Miscellaneous Retailers,3393.11,2019,9
2019-10-01,Miscellaneous Retailers,2657.52,2019,10
2019-11-01,Miscellaneous Retailers,2925.74,2019,11
2019-12-01,Miscellaneous Retailers,2901.23,2019,12
2020-01-01,Miscellaneous Retailers,2736.94,2020,1
2020-02-01,Miscellaneous Retailers,3263.99,2020,2
2020-03-01,Miscellaneous Retailers,2288.05,2020,3
2020-04-01,Miscellaneous Retailers,2555.63,2020,4
2020-05-01,Miscellaneous Retailers,2640.98,2020,5
2020-06-01,Miscellaneous Retailers,3582.66,2020,6
2020-07-01,Miscellaneous Retailers,3285.84,2020,7
2020-08-01,Miscellaneous Retailers,3068.26,2020,8
2020-09-01,Miscellaneous Retailers,3553.84,2020,9
2020-10-01,Miscellaneous Retailers,2812.78,2020,10
2020-11-01,Miscellaneous Retailers,2639.85,2020,11
2020-12-01,Miscellaneous Retailers,2331.81,2020,12
2021-01-01,Miscellaneous Retailers,2730.46,2021,1
2021-02-01,Miscellaneous Retailers,2729.46,2021,2
2021-03-01,Miscellaneous Retailers,3599.48,2021,3
2021-04-01,Miscellaneous Retailers,3663.7,2021,4
2021-05-01,Miscellaneous Retailers,3435.6,2021,5
2021-06-01,Miscellaneous Retailers,4153.71,2021,6
2021-07-01,Miscellaneous Retailers,3830.66,2021,7
2021-08-01,Miscellaneous Retailers,3406.74,2021,8
2021-09-01,Miscellaneous Retailers,2734.8,2021,9
2021-10-01,Miscellaneous Retailers,3623.0,2021,10
2021-11-01,Miscellaneous Retailers,2667.33,2021,11
2021-12-01,Miscellaneous Retailers,2571.6,2021,12
2022-01-01,Miscellaneous Retailers,3237.98,2022,1
2022-02-01,Miscellaneous Retailers,3717.0,2022,2
2022-03-01,Miscellaneous Retailers,3695.74,2022,3
2022-04-01,Miscellaneous Retailers,3727.15,2022,4
2022-05-01,Miscellaneous Retailers,3895.64,2022,5
2022-06-01,Miscellaneous Retailers,4022.33,2022,6
2022-07-01,Miscellaneous Retailers,3962.74,2022,7
2022-08-01,Miscellaneous Retailers,3724.49,2022,8
2022-09-01,Miscellaneous Retailers,3500.01,2022,9
2022-10-01,Miscellaneous Retailers,3277.81,2022,10
2022-11-01,Miscellaneous Retailers,2991.7,2022,11
2022-12-01,Miscellaneous Retailers,3059.3,2022,12
2023-01-01,Miscellaneous Retailers,2811.7,2023,1
2023-02-01,Miscellaneous Retailers,3330.47,2023,2
2023-03-01,Miscellaneous Retailers,3346.22,2023,3
2023-04-01,Miscellaneous Retailers,3535.63,2023,4
2023-05-01,Miscellaneous Retailers,3984.71,2023,5
2023-06-01,Miscellaneous Retailers,4324.98,2023,6
2023-07-01,Miscellaneous Retailers,3947.11,2023,7
2023-08-01,Miscellaneous Retailers,3249.04,2023,8
2023-09-01,Miscellaneous Retailers,3184.99,2023,9
2023-10-01,Miscellaneous Retailers,3423.23,2023,10
2023-11-01,Miscellaneous Retailers,2851.85,2023,11
2023-12-01,Miscellaneous Retailers,2973.85,2023,12
2024-01-01,Miscellaneous Retailers,3206.8,2024,1
2024-02-01,Miscellaneous Retailers,3018.92,2024,2
2024-03-01,Miscellaneous Retailers,3465.27,2024,3
2024-04-01,Miscellaneous Retailers,3348.68,2024,4
2024-05-01,Miscellaneous Retailers,3665.04,2024,5
2024-06-01,Miscellaneous Retailers,3930.8,2024,6
2024-07-01,Miscellaneous Retailers,3454.58,2024,7
2024-08-01,Miscellaneous Retailers,3769.5,2024,8
2024-09-01,Miscellaneous Retailers,3472.27,2024,9
2024-10-01,Miscellaneous Retailers,3406.26,2024,10
2024-11-01,Miscellaneous Retailers,3192.08,2024,11
2024-12-01,Miscellaneous Retailers,3399.73,2024,12
